<?xml version="1.0"?>
<config xmlns:xsi="http://www.w3.org/2001/XMLSchema-instance" xsi:noNamespaceSchemaLocation="urn:magento:framework:Acl/etc/acl.xsd">
   <acl>
     <resources>
        <resource id="Magento_Backend::admin">
           <resource id="MageRocket_ExamDemo::manager" title="MageRocket" sortOrder="10" >
              <resource id="MageRocket_ExamDemo::add_row" title="Add Row" sortOrder="50" />              
           </resource>
           <resource id="Magento_Backend::stores">
                    <resource id="Magento_Backend::stores_settings">
                        <resource id="Magento_Config::config">
                            <resource id="MageRocket_ExamDemo::magerocket_config" title="MageRocket Config"/>
                        </resource>
                    </resource>
                </resource>
        </resource>
     </resources>
   </acl>
</config>
