<?xml version="1.0"?>

<config xmlns:xsi="http://www.w3.org/2001/XMLSchema-instance" xsi:noNamespaceSchemaLocation="urn:magento:module:Magento_Config:etc/system_file.xsd">
    <system>
        <tab id="magerocket" translate="label" sortOrder="10">
            <label>Mage Rocket</label>
        </tab>
        <section id="magerocket" translate="label" type="text" sortOrder="300" showInDefault="1" showInWebsite="0" showInStore="0">
            <label>Magerocket Section</label>
            <tab>magerocket</tab>
            <resource>MageRocket_ExamDemo::magerocket_config</resource>
            <group id="configuration" translate="label" type="text" sortOrder="1" showInDefault="1" showInWebsite="0" showInStore="0">
                <label>Setting </label>
                <field id="enable" translate="label" type="select" sortOrder="1" showInDefault="1" showInWebsite="0" showInStore="0">
                    <label> Enable</label>
                    <source_model>Magento\Config\Model\Config\Source\Yesno</source_model>
                </field>
            </group>
        </section>
    </system>
</config>